post_key,is_trending
000032ea-9d0b-489b-a0d3-0232c416ef43,0
000106b1-fadd-4dc2-9290-ad0c8547b229,0
0001095b-fb3a-440a-91e9-30a5efe13493,0
00017cc1-df93-4ce1-be7b-0b3c76cb3dc6,0
0001b4a7-e1be-4554-b4e8-ba58fbceb38c,0
00021bc3-7699-4c97-9ec5-20edaac60cc1,0
000249c2-eea6-4d6d-b635-ea622622a899,0
000295a1-63ed-4081-b55a-a9b7648eaa7c,0
0002bce2-65a4-43fa-ac51-a2f633864d55,0
0002f715-dee5-422d-b48c-526d0bd52158,0
00030c2b-8927-4982-85b4-8291aeb4279b,0
00037658-b720-43dc-8ff8-72a6398bdf8b,0
00038bdc-6421-422e-9e32-bcfdf1a2f1c4,0
00038eb2-f61b-41c0-8895-f34393046068,0
0003cb8a-70e4-485d-bdd0-106f1dd83520,0
00044a12-0243-444b-82d9-e9e1c460a62b,0
00049888-7752-45c6-9f58-9dd57d39d57c,0
00051232-1a8d-49d1-8614-66084b869486,0
00053c07-0a0a-4d88-9c68-a05dc2602579,0
000544fd-1b41-4c1a-8ae9-7ad6d16919b9,0
